actioncliptest00083,AnswerPhone,81
actioncliptest00098,AnswerPhone,146
actioncliptest00127,AnswerPhone,212
actioncliptest00132,AnswerPhone,226
actioncliptest00135,AnswerPhone,197
actioncliptest00143,AnswerPhone,164
actioncliptest00148,AnswerPhone,138
actioncliptest00161,AnswerPhone,202
actioncliptest00173,AnswerPhone,104
actioncliptest00174,AnswerPhone,200
actioncliptest00239,AnswerPhone,199
actioncliptest00253,AnswerPhone,182
actioncliptest00278,AnswerPhone,148
actioncliptest00341,AnswerPhone,148
actioncliptest00342,AnswerPhone,163
actioncliptest00351,AnswerPhone,123
actioncliptest00356,AnswerPhone,182
actioncliptest00357,AnswerPhone,230
actioncliptest00358,AnswerPhone,154
actioncliptest00360,AnswerPhone,230
actioncliptest00367,AnswerPhone,139
actioncliptest00368,AnswerPhone,226
actioncliptest00374,AnswerPhone,182
actioncliptest00443,AnswerPhone,182
actioncliptest00449,AnswerPhone,251
actioncliptest00469,AnswerPhone,178
actioncliptest00474,AnswerPhone,233
actioncliptest00483,AnswerPhone,192
actioncliptest00486,AnswerPhone,186
actioncliptest00489,AnswerPhone,179
actioncliptest00490,AnswerPhone,223
actioncliptest00491,AnswerPhone,243
actioncliptest00492,AnswerPhone,163
actioncliptest00493,AnswerPhone,171
actioncliptest00531,AnswerPhone,148
actioncliptest00532,AnswerPhone,137
actioncliptest00565,AnswerPhone,121
actioncliptest00581,AnswerPhone,165
actioncliptest00586,AnswerPhone,108
actioncliptest00591,AnswerPhone,135
actioncliptest00609,AnswerPhone,197
actioncliptest00631,AnswerPhone,232
actioncliptest00633,AnswerPhone,361
actioncliptest00634,AnswerPhone,252
actioncliptest00638,AnswerPhone,124
actioncliptest00644,AnswerPhone,197
actioncliptest00645,AnswerPhone,171
actioncliptest00646,AnswerPhone,160
actioncliptest00647,AnswerPhone,199
actioncliptest00648,AnswerPhone,188
actioncliptest00649,AnswerPhone,191
actioncliptest00657,AnswerPhone,198
actioncliptest00658,AnswerPhone,287
actioncliptest00672,AnswerPhone,189
actioncliptest00673,AnswerPhone,159
actioncliptest00755,AnswerPhone,147
actioncliptest00765,AnswerPhone,144
actioncliptest00766,AnswerPhone,179
actioncliptest00773,AnswerPhone,130
actioncliptest00790,AnswerPhone,178
actioncliptest00836,AnswerPhone,120
actioncliptest00847,AnswerPhone,172
actioncliptest00860,AnswerPhone,184
actioncliptest00884,AnswerPhone,138
actioncliptest00018,DriveCar,133
actioncliptest00021,DriveCar,1172
actioncliptest00024,DriveCar,446
actioncliptest00031,DriveCar,250
actioncliptest00032,DriveCar,450
actioncliptest00034,DriveCar,162
actioncliptest00036,DriveCar,1455
actioncliptest00057,DriveCar,724
actioncliptest00089,DriveCar,122
actioncliptest00090,DriveCar,153
actioncliptest00096,DriveCar,406
actioncliptest00099,DriveCar,369
actioncliptest00100,DriveCar,1664
actioncliptest00103,DriveCar,663
actioncliptest00107,DriveCar,289
actioncliptest00126,DriveCar,963
actioncliptest00128,DriveCar,1495
actioncliptest00129,DriveCar,507
actioncliptest00133,DriveCar,615
actioncliptest00139,DriveCar,1340
actioncliptest00146,DriveCar,150
actioncliptest00154,DriveCar,169
actioncliptest00155,DriveCar,125
actioncliptest00158,DriveCar,181
actioncliptest00160,DriveCar,221
actioncliptest00162,DriveCar,982
actioncliptest00164,DriveCar,1395
actioncliptest00165,DriveCar,162
actioncliptest00167,DriveCar,1603
actioncliptest00168,DriveCar,212
actioncliptest00169,DriveCar,1305
actioncliptest00171,DriveCar,881
actioncliptest00172,DriveCar,589
actioncliptest00176,DriveCar,786
actioncliptest00184,DriveCar,1444
actioncliptest00202,DriveCar,379
actioncliptest00203,DriveCar,206
actioncliptest00204,DriveCar,336
actioncliptest00205,DriveCar,247
actioncliptest00215,DriveCar,262
actioncliptest00219,DriveCar,95
actioncliptest00226,DriveCar,237
actioncliptest00227,DriveCar,292
actioncliptest00232,DriveCar,545
actioncliptest00235,DriveCar,1303
actioncliptest00244,DriveCar,380
actioncliptest00249,DriveCar,497
actioncliptest00259,DriveCar,197
actioncliptest00260,DriveCar,550
actioncliptest00262,DriveCar,854
actioncliptest00285,DriveCar,248
actioncliptest00298,DriveCar,1632
actioncliptest00301,DriveCar,441
actioncliptest00302,DriveCar,717
actioncliptest00303,DriveCar,200
actioncliptest00310,DriveCar,256
actioncliptest00347,DriveCar,525
actioncliptest00373,DriveCar,1217
actioncliptest00387,DriveCar,109
actioncliptest00416,DriveCar,613
actioncliptest00417,DriveCar,538
actioncliptest00444,DriveCar,291
actioncliptest00445,DriveCar,430
actioncliptest00470,DriveCar,463
actioncliptest00497,DriveCar,704
actioncliptest00568,DriveCar,1014
actioncliptest00574,DriveCar,253
actioncliptest00575,DriveCar,416
actioncliptest00576,DriveCar,305
actioncliptest00577,DriveCar,1394
actioncliptest00579,DriveCar,319
actioncliptest00585,DriveCar,300
actioncliptest00628,DriveCar,1203
actioncliptest00636,DriveCar,828
actioncliptest00639,DriveCar,3116
actioncliptest00652,DriveCar,1421
actioncliptest00654,DriveCar,835
actioncliptest00665,DriveCar,1227
actioncliptest00710,DriveCar,391
actioncliptest00711,DriveCar,1017
actioncliptest00734,DriveCar,846
actioncliptest00736,DriveCar,552
actioncliptest00737,DriveCar,293
actioncliptest00739,DriveCar,124
actioncliptest00795,DriveCar,921
actioncliptest00796,DriveCar,979
actioncliptest00800,DriveCar,627
actioncliptest00837,DriveCar,553
actioncliptest00840,DriveCar,1477
actioncliptest00842,DriveCar,366
actioncliptest00844,DriveCar,471
actioncliptest00848,DriveCar,912
actioncliptest00850,DriveCar,915
actioncliptest00855,DriveCar,533
actioncliptest00861,DriveCar,391
actioncliptest00862,DriveCar,745
actioncliptest00863,DriveCar,2959
actioncliptest00864,DriveCar,936
actioncliptest00872,DriveCar,1571
actioncliptest00879,DriveCar,190
actioncliptest00881,DriveCar,198
actioncliptest00882,DriveCar,127
actioncliptest00004,Eat,323
actioncliptest00007,Eat,2283
actioncliptest00025,Eat,254
actioncliptest00040,Eat,1411
actioncliptest00078,Eat,643
actioncliptest00141,Eat,570
actioncliptest00144,Eat,335
actioncliptest00145,Eat,766
actioncliptest00159,Eat,269
actioncliptest00190,Eat,1015
actioncliptest00192,Eat,301
actioncliptest00213,Eat,328
actioncliptest00217,Eat,272
actioncliptest00261,Eat,135
actioncliptest00428,Eat,585
actioncliptest00456,Eat,163
actioncliptest00458,Eat,662
actioncliptest00625,Eat,359
actioncliptest00633,Eat,361
actioncliptest00656,Eat,554
actioncliptest00672,Eat,189
actioncliptest00674,Eat,1336
actioncliptest00681,Eat,1438
actioncliptest00683,Eat,269
actioncliptest00700,Eat,613
actioncliptest00703,Eat,202
actioncliptest00718,Eat,474
actioncliptest00749,Eat,174
actioncliptest00750,Eat,336
actioncliptest00753,Eat,375
actioncliptest00775,Eat,1347
actioncliptest00794,Eat,1280
actioncliptest00822,Eat,444
actioncliptest00012,FightPerson,459
actioncliptest00013,FightPerson,631
actioncliptest00038,FightPerson,466
actioncliptest00042,FightPerson,506
actioncliptest00066,FightPerson,496
actioncliptest00081,FightPerson,299
actioncliptest00122,FightPerson,837
actioncliptest00123,FightPerson,254
actioncliptest00151,FightPerson,438
actioncliptest00152,FightPerson,220
actioncliptest00153,FightPerson,550
actioncliptest00181,FightPerson,855
actioncliptest00196,FightPerson,938
actioncliptest00209,FightPerson,425
actioncliptest00212,FightPerson,230
actioncliptest00224,FightPerson,353
actioncliptest00251,FightPerson,179
actioncliptest00280,FightPerson,273
actioncliptest00286,FightPerson,310
actioncliptest00287,FightPerson,342
actioncliptest00296,FightPerson,765
actioncliptest00308,FightPerson,285
actioncliptest00389,FightPerson,448
actioncliptest00390,FightPerson,244
actioncliptest00394,FightPerson,138
actioncliptest00395,FightPerson,393
actioncliptest00403,FightPerson,457
actioncliptest00404,FightPerson,133
actioncliptest00405,FightPerson,663
actioncliptest00413,FightPerson,186
actioncliptest00421,FightPerson,429
actioncliptest00422,FightPerson,506
actioncliptest00423,FightPerson,255
actioncliptest00424,FightPerson,348
actioncliptest00425,FightPerson,220
actioncliptest00426,FightPerson,116
actioncliptest00495,FightPerson,260
actioncliptest00500,FightPerson,167
actioncliptest00507,FightPerson,114
actioncliptest00523,FightPerson,291
actioncliptest00525,FightPerson,1062
actioncliptest00526,FightPerson,271
actioncliptest00533,FightPerson,208
actioncliptest00534,FightPerson,675
actioncliptest00544,FightPerson,559
actioncliptest00549,FightPerson,379
actioncliptest00553,FightPerson,329
actioncliptest00554,FightPerson,329
actioncliptest00556,FightPerson,245
actioncliptest00557,FightPerson,340
actioncliptest00559,FightPerson,343
actioncliptest00561,FightPerson,594
actioncliptest00563,FightPerson,457
actioncliptest00578,FightPerson,358
actioncliptest00589,FightPerson,521
actioncliptest00594,FightPerson,142
actioncliptest00600,FightPerson,302
actioncliptest00602,FightPerson,776
actioncliptest00664,FightPerson,717
actioncliptest00740,FightPerson,258
actioncliptest00801,FightPerson,909
actioncliptest00805,FightPerson,167
actioncliptest00816,FightPerson,1157
actioncliptest00846,FightPerson,485
actioncliptest00853,FightPerson,160
actioncliptest00868,FightPerson,544
actioncliptest00869,FightPerson,300
actioncliptest00875,FightPerson,458
actioncliptest00880,FightPerson,206
actioncliptest00883,FightPerson,142
actioncliptest00023,GetOutCar,141
actioncliptest00058,GetOutCar,311
actioncliptest00073,GetOutCar,98
actioncliptest00091,GetOutCar,108
actioncliptest00097,GetOutCar,160
actioncliptest00108,GetOutCar,136
actioncliptest00117,GetOutCar,188
actioncliptest00118,GetOutCar,352
actioncliptest00119,GetOutCar,200
actioncliptest00134,GetOutCar,205
actioncliptest00142,GetOutCar,166
actioncliptest00147,GetOutCar,155
actioncliptest00156,GetOutCar,231
actioncliptest00170,GetOutCar,158
actioncliptest00183,GetOutCar,128
actioncliptest00206,GetOutCar,135
actioncliptest00228,GetOutCar,175
actioncliptest00233,GetOutCar,119
actioncliptest00234,GetOutCar,134
actioncliptest00238,GetOutCar,195
actioncliptest00241,GetOutCar,208
actioncliptest00250,GetOutCar,161
actioncliptest00270,GetOutCar,170
actioncliptest00284,GetOutCar,331
actioncliptest00292,GetOutCar,129
actioncliptest00297,GetOutCar,167
actioncliptest00303,GetOutCar,200
actioncliptest00311,GetOutCar,139
actioncliptest00376,GetOutCar,180
actioncliptest00399,GetOutCar,118
actioncliptest00418,GetOutCar,170
actioncliptest00438,GetOutCar,310
actioncliptest00472,GetOutCar,144
actioncliptest00496,GetOutCar,130
actioncliptest00498,GetOutCar,117
actioncliptest00510,GetOutCar,153
actioncliptest00522,GetOutCar,117
actioncliptest00530,GetOutCar,148
actioncliptest00578,GetOutCar,358
actioncliptest00580,GetOutCar,562
actioncliptest00595,GetOutCar,206
actioncliptest00601,GetOutCar,181
actioncliptest00603,GetOutCar,150
actioncliptest00625,GetOutCar,359
actioncliptest00627,GetOutCar,195
actioncliptest00629,GetOutCar,173
actioncliptest00642,GetOutCar,122
actioncliptest00650,GetOutCar,281
actioncliptest00651,GetOutCar,305
actioncliptest00655,GetOutCar,180
actioncliptest00676,GetOutCar,261
actioncliptest00738,GetOutCar,177
actioncliptest00797,GetOutCar,194
actioncliptest00798,GetOutCar,152
actioncliptest00799,GetOutCar,177
actioncliptest00843,GetOutCar,189
actioncliptest00856,GetOutCar,237
actioncliptest00003,HandShake,139
actioncliptest00010,HandShake,138
actioncliptest00017,HandShake,159
actioncliptest00019,HandShake,167
actioncliptest00074,HandShake,129
actioncliptest00075,HandShake,208
actioncliptest00113,HandShake,87
actioncliptest00114,HandShake,400
actioncliptest00130,HandShake,126
actioncliptest00236,HandShake,145
actioncliptest00240,HandShake,221
actioncliptest00266,HandShake,127
actioncliptest00267,HandShake,132
actioncliptest00313,HandShake,190
actioncliptest00314,HandShake,160
actioncliptest00340,HandShake,132
actioncliptest00375,HandShake,235
actioncliptest00380,HandShake,139
actioncliptest00396,HandShake,213
actioncliptest00398,HandShake,151
actioncliptest00420,HandShake,142
actioncliptest00441,HandShake,92
actioncliptest00453,HandShake,235
actioncliptest00460,HandShake,235
actioncliptest00461,HandShake,483
actioncliptest00476,HandShake,272
actioncliptest00478,HandShake,285
actioncliptest00484,HandShake,178
actioncliptest00515,HandShake,226
actioncliptest00524,HandShake,154
actioncliptest00624,HandShake,165
actioncliptest00661,HandShake,341
actioncliptest00662,HandShake,255
actioncliptest00697,HandShake,139
actioncliptest00705,HandShake,216
actioncliptest00708,HandShake,198
actioncliptest00714,HandShake,133
actioncliptest00720,HandShake,164
actioncliptest00725,HandShake,295
actioncliptest00732,HandShake,121
actioncliptest00764,HandShake,249
actioncliptest00767,HandShake,213
actioncliptest00784,HandShake,170
actioncliptest00824,HandShake,161
actioncliptest00839,HandShake,230
actioncliptest00015,HugPerson,288
actioncliptest00022,HugPerson,846
actioncliptest00026,HugPerson,131
actioncliptest00027,HugPerson,182
actioncliptest00030,HugPerson,161
actioncliptest00094,HugPerson,466
actioncliptest00109,HugPerson,116
actioncliptest00110,HugPerson,370
actioncliptest00112,HugPerson,167
actioncliptest00125,HugPerson,210
actioncliptest00149,HugPerson,248
actioncliptest00200,HugPerson,153
actioncliptest00275,HugPerson,322
actioncliptest00276,HugPerson,176
actioncliptest00290,HugPerson,421
actioncliptest00322,HugPerson,563
actioncliptest00324,HugPerson,235
actioncliptest00330,HugPerson,257
actioncliptest00332,HugPerson,176
actioncliptest00346,HugPerson,223
actioncliptest00348,HugPerson,267
actioncliptest00350,HugPerson,67
actioncliptest00352,HugPerson,438
actioncliptest00354,HugPerson,591
actioncliptest00355,HugPerson,163
actioncliptest00365,HugPerson,194
actioncliptest00381,HugPerson,210
actioncliptest00382,HugPerson,237
actioncliptest00383,HugPerson,180
actioncliptest00384,HugPerson,414
actioncliptest00409,HugPerson,216
actioncliptest00427,HugPerson,303
actioncliptest00437,HugPerson,316
actioncliptest00452,HugPerson,461
actioncliptest00454,HugPerson,123
actioncliptest00462,HugPerson,184
actioncliptest00487,HugPerson,159
actioncliptest00511,HugPerson,138
actioncliptest00517,HugPerson,193
actioncliptest00518,HugPerson,214
actioncliptest00519,HugPerson,200
actioncliptest00520,HugPerson,225
actioncliptest00546,HugPerson,274
actioncliptest00547,HugPerson,172
actioncliptest00564,HugPerson,473
actioncliptest00573,HugPerson,147
actioncliptest00618,HugPerson,614
actioncliptest00637,HugPerson,160
actioncliptest00663,HugPerson,290
actioncliptest00679,HugPerson,275
actioncliptest00706,HugPerson,182
actioncliptest00722,HugPerson,107
actioncliptest00758,HugPerson,172
actioncliptest00759,HugPerson,251
actioncliptest00762,HugPerson,131
actioncliptest00763,HugPerson,257
actioncliptest00782,HugPerson,240
actioncliptest00802,HugPerson,666
actioncliptest00807,HugPerson,460
actioncliptest00809,HugPerson,289
actioncliptest00815,HugPerson,286
actioncliptest00819,HugPerson,257
actioncliptest00833,HugPerson,151
actioncliptest00841,HugPerson,352
actioncliptest00849,HugPerson,116
actioncliptest00878,HugPerson,195
actioncliptest00001,Kiss,207
actioncliptest00015,Kiss,288
actioncliptest00029,Kiss,326
actioncliptest00037,Kiss,411
actioncliptest00043,Kiss,320
actioncliptest00044,Kiss,150
actioncliptest00046,Kiss,440
actioncliptest00048,Kiss,179
actioncliptest00050,Kiss,338
actioncliptest00053,Kiss,102
actioncliptest00054,Kiss,194
actioncliptest00055,Kiss,196
actioncliptest00062,Kiss,127
actioncliptest00064,Kiss,240
actioncliptest00080,Kiss,223
actioncliptest00093,Kiss,424
actioncliptest00094,Kiss,466
actioncliptest00115,Kiss,126
actioncliptest00125,Kiss,210
actioncliptest00177,Kiss,139
actioncliptest00185,Kiss,87
actioncliptest00188,Kiss,318
actioncliptest00201,Kiss,148
actioncliptest00203,Kiss,206
actioncliptest00204,Kiss,336
actioncliptest00276,Kiss,176
actioncliptest00289,Kiss,268
actioncliptest00290,Kiss,421
actioncliptest00322,Kiss,563
actioncliptest00326,Kiss,241
actioncliptest00327,Kiss,275
actioncliptest00330,Kiss,257
actioncliptest00332,Kiss,176
actioncliptest00339,Kiss,249
actioncliptest00354,Kiss,591
actioncliptest00359,Kiss,203
actioncliptest00365,Kiss,194
actioncliptest00370,Kiss,284
actioncliptest00381,Kiss,210
actioncliptest00382,Kiss,237
actioncliptest00397,Kiss,156
actioncliptest00407,Kiss,233
actioncliptest00408,Kiss,260
actioncliptest00409,Kiss,216
actioncliptest00412,Kiss,783
actioncliptest00442,Kiss,150
actioncliptest00454,Kiss,123
actioncliptest00461,Kiss,483
actioncliptest00463,Kiss,140
actioncliptest00464,Kiss,248
actioncliptest00470,Kiss,463
actioncliptest00475,Kiss,297
actioncliptest00479,Kiss,343
actioncliptest00487,Kiss,159
actioncliptest00517,Kiss,193
actioncliptest00520,Kiss,225
actioncliptest00527,Kiss,448
actioncliptest00535,Kiss,454
actioncliptest00548,Kiss,224
actioncliptest00566,Kiss,931
actioncliptest00582,Kiss,387
actioncliptest00583,Kiss,288
actioncliptest00584,Kiss,664
actioncliptest00587,Kiss,340
actioncliptest00588,Kiss,221
actioncliptest00596,Kiss,603
actioncliptest00597,Kiss,155
actioncliptest00598,Kiss,494
actioncliptest00604,Kiss,415
actioncliptest00605,Kiss,170
actioncliptest00611,Kiss,214
actioncliptest00618,Kiss,614
actioncliptest00637,Kiss,160
actioncliptest00659,Kiss,154
actioncliptest00660,Kiss,170
actioncliptest00666,Kiss,164
actioncliptest00675,Kiss,227
actioncliptest00678,Kiss,210
actioncliptest00679,Kiss,275
actioncliptest00688,Kiss,215
actioncliptest00706,Kiss,182
actioncliptest00722,Kiss,107
actioncliptest00728,Kiss,165
actioncliptest00733,Kiss,126
actioncliptest00758,Kiss,172
actioncliptest00761,Kiss,208
actioncliptest00762,Kiss,131
actioncliptest00763,Kiss,257
actioncliptest00769,Kiss,231
actioncliptest00770,Kiss,346
actioncliptest00771,Kiss,371
actioncliptest00780,Kiss,236
actioncliptest00781,Kiss,304
actioncliptest00786,Kiss,269
actioncliptest00788,Kiss,240
actioncliptest00814,Kiss,258
actioncliptest00815,Kiss,286
actioncliptest00819,Kiss,257
actioncliptest00826,Kiss,185
actioncliptest00829,Kiss,374
actioncliptest00830,Kiss,122
actioncliptest00841,Kiss,352
actioncliptest00849,Kiss,116
actioncliptest00005,Run,126
actioncliptest00006,Run,413
actioncliptest00020,Run,291
actioncliptest00035,Run,103
actioncliptest00038,Run,466
actioncliptest00041,Run,610
actioncliptest00065,Run,158
actioncliptest00072,Run,103
actioncliptest00079,Run,150
actioncliptest00086,Run,226
actioncliptest00088,Run,151
actioncliptest00120,Run,293
actioncliptest00140,Run,117
actioncliptest00157,Run,409
actioncliptest00163,Run,319
actioncliptest00165,Run,162
actioncliptest00166,Run,196
actioncliptest00180,Run,350
actioncliptest00189,Run,132
actioncliptest00197,Run,91
actioncliptest00208,Run,139
actioncliptest00210,Run,114
actioncliptest00216,Run,189
actioncliptest00218,Run,89
actioncliptest00220,Run,270
actioncliptest00221,Run,630
actioncliptest00225,Run,86
actioncliptest00243,Run,61
actioncliptest00275,Run,322
actioncliptest00307,Run,157
actioncliptest00309,Run,134
actioncliptest00328,Run,165
actioncliptest00344,Run,139
actioncliptest00345,Run,163
actioncliptest00361,Run,130
actioncliptest00363,Run,173
actioncliptest00366,Run,209
actioncliptest00369,Run,188
actioncliptest00371,Run,212
actioncliptest00377,Run,385
actioncliptest00378,Run,121
actioncliptest00379,Run,254
actioncliptest00385,Run,593
actioncliptest00386,Run,96
actioncliptest00388,Run,368
actioncliptest00391,Run,110
actioncliptest00392,Run,121
actioncliptest00393,Run,225
actioncliptest00401,Run,496
actioncliptest00402,Run,255
actioncliptest00410,Run,292
actioncliptest00411,Run,122
actioncliptest00414,Run,288
actioncliptest00415,Run,104
actioncliptest00419,Run,115
actioncliptest00430,Run,112
actioncliptest00435,Run,264
actioncliptest00437,Run,316
actioncliptest00439,Run,181
actioncliptest00442,Run,150
actioncliptest00447,Run,282
actioncliptest00448,Run,257
actioncliptest00450,Run,308
actioncliptest00465,Run,263
actioncliptest00471,Run,148
actioncliptest00472,Run,144
actioncliptest00473,Run,230
actioncliptest00481,Run,64
actioncliptest00482,Run,174
actioncliptest00485,Run,93
actioncliptest00488,Run,246
actioncliptest00499,Run,109
actioncliptest00502,Run,91
actioncliptest00503,Run,113
actioncliptest00505,Run,123
actioncliptest00506,Run,178
actioncliptest00507,Run,114
actioncliptest00508,Run,182
actioncliptest00509,Run,212
actioncliptest00512,Run,220
actioncliptest00513,Run,201
actioncliptest00514,Run,153
actioncliptest00516,Run,234
actioncliptest00518,Run,214
actioncliptest00519,Run,200
actioncliptest00521,Run,296
actioncliptest00537,Run,286
actioncliptest00539,Run,554
actioncliptest00540,Run,206
actioncliptest00541,Run,542
actioncliptest00551,Run,676
actioncliptest00552,Run,195
actioncliptest00553,Run,329
actioncliptest00554,Run,329
actioncliptest00555,Run,273
actioncliptest00557,Run,340
actioncliptest00558,Run,349
actioncliptest00560,Run,395
actioncliptest00562,Run,471
actioncliptest00590,Run,223
actioncliptest00593,Run,104
actioncliptest00594,Run,142
actioncliptest00606,Run,175
actioncliptest00614,Run,149
actioncliptest00620,Run,124
actioncliptest00621,Run,141
actioncliptest00626,Run,241
actioncliptest00630,Run,155
actioncliptest00640,Run,230
actioncliptest00642,Run,122
actioncliptest00729,Run,189
actioncliptest00735,Run,220
actioncliptest00743,Run,95
actioncliptest00747,Run,512
actioncliptest00748,Run,327
actioncliptest00751,Run,278
actioncliptest00754,Run,172
actioncliptest00759,Run,251
actioncliptest00793,Run,228
actioncliptest00803,Run,104
actioncliptest00804,Run,106
actioncliptest00806,Run,234
actioncliptest00808,Run,87
actioncliptest00811,Run,174
actioncliptest00813,Run,500
actioncliptest00817,Run,207
actioncliptest00818,Run,274
actioncliptest00821,Run,202
actioncliptest00825,Run,206
actioncliptest00827,Run,344
actioncliptest00828,Run,416
actioncliptest00845,Run,353
actioncliptest00854,Run,304
actioncliptest00857,Run,254
actioncliptest00858,Run,527
actioncliptest00859,Run,745
actioncliptest00865,Run,200
actioncliptest00866,Run,203
actioncliptest00867,Run,263
actioncliptest00870,Run,315
actioncliptest00873,Run,253
actioncliptest00002,SitDown,110
actioncliptest00008,SitDown,166
actioncliptest00025,SitDown,254
actioncliptest00028,SitDown,159
actioncliptest00045,SitDown,121
actioncliptest00047,SitDown,107
actioncliptest00049,SitDown,103
actioncliptest00050,SitDown,338
actioncliptest00052,SitDown,96
actioncliptest00059,SitDown,270
actioncliptest00060,SitDown,276
actioncliptest00067,SitDown,129
actioncliptest00069,SitDown,283
actioncliptest00071,SitDown,147
actioncliptest00076,SitDown,187
actioncliptest00077,SitDown,126
actioncliptest00087,SitDown,223
actioncliptest00102,SitDown,139
actioncliptest00104,SitDown,288
actioncliptest00106,SitDown,117
actioncliptest00111,SitDown,237
actioncliptest00121,SitDown,182
actioncliptest00131,SitDown,134
actioncliptest00150,SitDown,181
actioncliptest00182,SitDown,233
actioncliptest00187,SitDown,159
actioncliptest00211,SitDown,132
actioncliptest00214,SitDown,162
actioncliptest00229,SitDown,90
actioncliptest00230,SitDown,177
actioncliptest00242,SitDown,120
actioncliptest00245,SitDown,223
actioncliptest00247,SitDown,280
actioncliptest00254,SitDown,236
actioncliptest00256,SitDown,191
actioncliptest00263,SitDown,91
actioncliptest00265,SitDown,106
actioncliptest00268,SitDown,185
actioncliptest00269,SitDown,143
actioncliptest00271,SitDown,105
actioncliptest00273,SitDown,179
actioncliptest00279,SitDown,203
actioncliptest00281,SitDown,115
actioncliptest00283,SitDown,219
actioncliptest00288,SitDown,235
actioncliptest00291,SitDown,190
actioncliptest00293,SitDown,167
actioncliptest00299,SitDown,175
actioncliptest00300,SitDown,135
actioncliptest00306,SitDown,273
actioncliptest00316,SitDown,199
actioncliptest00317,SitDown,133
actioncliptest00319,SitDown,217
actioncliptest00321,SitDown,235
actioncliptest00325,SitDown,158
actioncliptest00335,SitDown,251
actioncliptest00337,SitDown,247
actioncliptest00339,SitDown,249
actioncliptest00352,SitDown,438
actioncliptest00353,SitDown,110
actioncliptest00372,SitDown,239
actioncliptest00431,SitDown,213
actioncliptest00434,SitDown,252
actioncliptest00443,SitDown,182
actioncliptest00446,SitDown,278
actioncliptest00456,SitDown,163
actioncliptest00466,SitDown,213
actioncliptest00476,SitDown,272
actioncliptest00495,SitDown,260
actioncliptest00550,SitDown,167
actioncliptest00567,SitDown,130
actioncliptest00569,SitDown,231
actioncliptest00570,SitDown,271
actioncliptest00591,SitDown,135
actioncliptest00608,SitDown,148
actioncliptest00616,SitDown,245
actioncliptest00623,SitDown,488
actioncliptest00632,SitDown,97
actioncliptest00635,SitDown,206
actioncliptest00667,SitDown,170
actioncliptest00669,SitDown,186
actioncliptest00671,SitDown,166
actioncliptest00682,SitDown,169
actioncliptest00686,SitDown,223
actioncliptest00690,SitDown,270
actioncliptest00694,SitDown,192
actioncliptest00695,SitDown,124
actioncliptest00696,SitDown,209
actioncliptest00698,SitDown,194
actioncliptest00699,SitDown,122
actioncliptest00702,SitDown,258
actioncliptest00704,SitDown,118
actioncliptest00723,SitDown,176
actioncliptest00731,SitDown,89
actioncliptest00742,SitDown,137
actioncliptest00745,SitDown,211
actioncliptest00760,SitDown,141
actioncliptest00768,SitDown,207
actioncliptest00773,SitDown,130
actioncliptest00778,SitDown,147
actioncliptest00779,SitDown,122
actioncliptest00785,SitDown,269
actioncliptest00786,SitDown,269
actioncliptest00790,SitDown,178
actioncliptest00810,SitDown,203
actioncliptest00812,SitDown,377
actioncliptest00851,SitDown,195
actioncliptest00877,SitDown,196
actioncliptest00009,SitUp,225
actioncliptest00011,SitUp,137
actioncliptest00014,SitUp,152
actioncliptest00033,SitUp,224
actioncliptest00051,SitUp,72
actioncliptest00063,SitUp,141
actioncliptest00082,SitUp,155
actioncliptest00136,SitUp,212
actioncliptest00175,SitUp,329
actioncliptest00195,SitUp,156
actioncliptest00198,SitUp,124
actioncliptest00209,SitUp,425
actioncliptest00245,SitUp,223
actioncliptest00252,SitUp,154
actioncliptest00294,SitUp,193
actioncliptest00315,SitUp,188
actioncliptest00325,SitUp,158
actioncliptest00333,SitUp,227
actioncliptest00357,SitUp,230
actioncliptest00362,SitUp,171
actioncliptest00364,SitUp,242
actioncliptest00436,SitUp,187
actioncliptest00440,SitUp,171
actioncliptest00480,SitUp,161
actioncliptest00542,SitUp,127
actioncliptest00543,SitUp,184
actioncliptest00545,SitUp,229
actioncliptest00607,SitUp,217
actioncliptest00610,SitUp,272
actioncliptest00617,SitUp,126
actioncliptest00619,SitUp,169
actioncliptest00641,SitUp,82
actioncliptest00684,SitUp,116
actioncliptest00719,SitUp,74
actioncliptest00726,SitUp,99
actioncliptest00834,SitUp,202
actioncliptest00838,SitUp,155
actioncliptest00005,StandUp,126
actioncliptest00016,StandUp,94
actioncliptest00039,StandUp,127
actioncliptest00048,StandUp,179
actioncliptest00056,StandUp,137
actioncliptest00061,StandUp,125
actioncliptest00068,StandUp,177
actioncliptest00070,StandUp,186
actioncliptest00079,StandUp,150
actioncliptest00084,StandUp,104
actioncliptest00085,StandUp,76
actioncliptest00092,StandUp,91
actioncliptest00095,StandUp,97
actioncliptest00101,StandUp,293
actioncliptest00105,StandUp,155
actioncliptest00116,StandUp,124
actioncliptest00124,StandUp,134
actioncliptest00137,StandUp,167
actioncliptest00138,StandUp,162
actioncliptest00178,StandUp,179
actioncliptest00179,StandUp,168
actioncliptest00186,StandUp,99
actioncliptest00191,StandUp,103
actioncliptest00193,StandUp,155
actioncliptest00194,StandUp,72
actioncliptest00195,StandUp,156
actioncliptest00199,StandUp,131
actioncliptest00207,StandUp,101
actioncliptest00222,StandUp,272
actioncliptest00223,StandUp,275
actioncliptest00231,StandUp,205
actioncliptest00237,StandUp,125
actioncliptest00240,StandUp,221
actioncliptest00246,StandUp,96
actioncliptest00248,StandUp,98
actioncliptest00255,StandUp,139
actioncliptest00257,StandUp,125
actioncliptest00258,StandUp,131
actioncliptest00264,StandUp,121
actioncliptest00272,StandUp,94
actioncliptest00274,StandUp,152
actioncliptest00277,StandUp,174
actioncliptest00282,StandUp,121
actioncliptest00286,StandUp,310
actioncliptest00295,StandUp,201
actioncliptest00304,StandUp,114
actioncliptest00305,StandUp,150
actioncliptest00312,StandUp,261
actioncliptest00318,StandUp,198
actioncliptest00319,StandUp,217
actioncliptest00320,StandUp,197
actioncliptest00323,StandUp,250
actioncliptest00328,StandUp,165
actioncliptest00329,StandUp,155
actioncliptest00331,StandUp,179
actioncliptest00334,StandUp,213
actioncliptest00336,StandUp,146
actioncliptest00338,StandUp,127
actioncliptest00343,StandUp,74
actioncliptest00349,StandUp,86
actioncliptest00352,StandUp,438
actioncliptest00383,StandUp,180
actioncliptest00400,StandUp,234
actioncliptest00406,StandUp,178
actioncliptest00429,StandUp,119
actioncliptest00432,StandUp,188
actioncliptest00433,StandUp,115
actioncliptest00438,StandUp,310
actioncliptest00451,StandUp,133
actioncliptest00455,StandUp,144
actioncliptest00457,StandUp,103
actioncliptest00459,StandUp,135
actioncliptest00467,StandUp,200
actioncliptest00468,StandUp,180
actioncliptest00477,StandUp,226
actioncliptest00484,StandUp,178
actioncliptest00494,StandUp,170
actioncliptest00501,StandUp,105
actioncliptest00504,StandUp,161
actioncliptest00528,StandUp,119
actioncliptest00529,StandUp,150
actioncliptest00536,StandUp,171
actioncliptest00538,StandUp,75
actioncliptest00571,StandUp,120
actioncliptest00572,StandUp,169
actioncliptest00590,StandUp,223
actioncliptest00592,StandUp,156
actioncliptest00599,StandUp,127
actioncliptest00606,StandUp,175
actioncliptest00610,StandUp,272
actioncliptest00612,StandUp,120
actioncliptest00613,StandUp,170
actioncliptest00615,StandUp,116
actioncliptest00622,StandUp,172
actioncliptest00643,StandUp,173
actioncliptest00653,StandUp,186
actioncliptest00668,StandUp,201
actioncliptest00670,StandUp,162
actioncliptest00672,StandUp,189
actioncliptest00677,StandUp,161
actioncliptest00680,StandUp,83
actioncliptest00685,StandUp,166
actioncliptest00687,StandUp,148
actioncliptest00689,StandUp,124
actioncliptest00691,StandUp,129
actioncliptest00692,StandUp,97
actioncliptest00693,StandUp,211
actioncliptest00701,StandUp,153
actioncliptest00707,StandUp,200
actioncliptest00709,StandUp,186
actioncliptest00712,StandUp,166
actioncliptest00713,StandUp,170
actioncliptest00715,StandUp,162
actioncliptest00716,StandUp,168
actioncliptest00717,StandUp,178
actioncliptest00721,StandUp,94
actioncliptest00724,StandUp,134
actioncliptest00727,StandUp,244
actioncliptest00730,StandUp,90
actioncliptest00741,StandUp,127
actioncliptest00744,StandUp,151
actioncliptest00746,StandUp,169
actioncliptest00752,StandUp,103
actioncliptest00756,StandUp,211
actioncliptest00757,StandUp,124
actioncliptest00761,StandUp,208
actioncliptest00772,StandUp,152
actioncliptest00774,StandUp,187
actioncliptest00776,StandUp,195
actioncliptest00777,StandUp,164
actioncliptest00783,StandUp,156
actioncliptest00784,StandUp,170
actioncliptest00787,StandUp,137
actioncliptest00789,StandUp,149
actioncliptest00791,StandUp,122
actioncliptest00792,StandUp,167
actioncliptest00820,StandUp,131
actioncliptest00823,StandUp,120
actioncliptest00831,StandUp,114
actioncliptest00832,StandUp,168
actioncliptest00835,StandUp,158
actioncliptest00851,StandUp,195
actioncliptest00852,StandUp,186
actioncliptest00871,StandUp,230
actioncliptest00874,StandUp,154
actioncliptest00876,StandUp,101
